PRAGMA foreign_keys = on;

-- Localizacoes de supermercados
INSERT INTO localizacao VALUES (563756815, '4250-376', 'Rua da Prelada', 'Porto');
INSERT INTO localizacao VALUES (862327734, '4250-507', 'Rua Joao dos Santos Ferreira', 'Porto');
INSERT INTO localizacao VALUES (799350542, '4050-586', 'Rua de Serpa Pinto', 'Porto');
INSERT INTO localizacao VALUES (439859621, '4150-138', 'Alameda de Basilio Teles', 'Porto');
INSERT INTO localizacao VALUES (170694894, '4460-841', 'Rua Sara Afonso', 'Matosinhos');
-- Localizacoes de pessoas
INSERT INTO localizacao VALUES (528401149, '4250-001', 'Rua do Padre Diamantino Gomes', 'Porto');
INSERT INTO localizacao VALUES (364812492, '4250-550', 'Rua Luís Ferreira', 'Porto');
INSERT INTO localizacao VALUES (271859601, '4450-004', 'Rua António Aleixo', 'Matosinhos');
INSERT INTO localizacao VALUES (395264973, '4450-404', 'Rua de Santa Eufémia', 'Matosinhos');
INSERT INTO localizacao VALUES (150694764, '4150-136', 'Rua Bernardino Machado', 'Porto');
INSERT INTO localizacao VALUES (675398189, '4150-308', 'Rua Faial', 'Porto');
INSERT INTO localizacao VALUES (217908498, '4460-134', 'Rua Alberto Augusto Mendonça', 'Senhora da Hora');
INSERT INTO localizacao VALUES (914493203, '4460-895', 'Rua de Dili', 'Guifoes');
INSERT INTO localizacao VALUES (793529968, '4760-100', 'Rua do Marques', 'Famalicao');


-- horarios
INSERT INTO horario VALUES (246510889,strftime('%H:%M', '07:30'), strftime('%H:%M', '22:30'));
INSERT INTO horario VALUES (134405588,strftime('%H:%M', '09:00'), strftime('%H:%M', '21:00'));

-- horarios funcionarios
INSERT INTO horariofuncionario VALUES(404483088,246510889,'Segunda');
INSERT INTO horariofuncionario VALUES(572949826,246510889,'Terca');
INSERT INTO horariofuncionario VALUES(139851411,246510889,'Quarta');
INSERT INTO horariofuncionario VALUES(672536309,246510889,'Quinta');
INSERT INTO horariofuncionario VALUES(360000174,246510889,'Sexta');
INSERT INTO horariofuncionario VALUES(964736760,134405588,'Sabado');
INSERT INTO horariofuncionario VALUES(520539707,134405588,'Domingo');

-- supermercados
INSERT INTO supermercado VALUES(687815497, 'Continente', 563756815, 246510889);
INSERT INTO supermercado VALUES(947563740, 'Lidl', 862327734, 134405588);
INSERT INTO supermercado VALUES(233626926, 'Pingo Doce', 799350542, 246510889);
INSERT INTO supermercado VALUES(348947416, 'Auchan', 439859621, 246510889);
INSERT INTO supermercado VALUES(465441082, 'Bolama', 170694894, 246510889);
INSERT INTO supermercado VALUES(342202605, 'Mercadona', 170694894, 246510889);

-- pessoas
INSERT INTO pessoa VALUES(610417904, 265962470, 'Pedro Jorge Seixas', strftime('%Y-%m-%d', '1996-11-17'), 919977336, '?',528401149);
INSERT INTO pessoa VALUES(258220554, 143908874, 'Celina Beltrao Camacho', strftime('%Y-%m-%d', '1987-04-13'), 924837466, 'F',364812492);
INSERT INTO pessoa VALUES(972632319, 148160561, 'Andre Bidao Falecimento', strftime('%Y-%m-%d', '1975-08-09'), 936385638, 'M',271859601);
INSERT INTO pessoa VALUES(499179157, 357006933, 'Ana Amanda Teresa', strftime('%Y-%m-%d', '1999-07-03'), 917693406, 'F',395264973);
INSERT INTO pessoa VALUES(210152906, 319868184, 'Antonio Potro', strftime('%Y-%m-%d', '1969-10-25'), 927892843, 'M',150694764);
INSERT INTO pessoa VALUES(112789160, 295852251, 'Diogo Rosas', strftime('%Y-%m-%d', '1993-08-10'), 937273625, 'M',675398189);
INSERT INTO pessoa VALUES(448987473, 145185881, 'Sofia Sorridente Machipster', strftime('%Y-%m-%d', '1994-05-14'), 926473638, 'F',217908498);
INSERT INTO pessoa VALUES(136306590, 238698418, 'Ines Reluzita Svetlana', strftime('%Y-%m-%d', '1978-08-16'), 918374623, '?',914493203);
INSERT INTO pessoa VALUES(596188989, 322614211, 'Gonçalo Batalhas', strftime('%Y-%m-%d', '1980-08-26'), 912332456, 'F',793529968);

-- funcionarios
INSERT INTO funcionario VALUES(610417904,274739829,800,687815497,246510889, 404483088);
INSERT INTO funcionario VALUES(258220554,405279753,750,233626926,246510889, 572949826);
INSERT INTO funcionario VALUES(972632319,870890765,900,947563740,246510889, 360000174);
INSERT INTO funcionario VALUES(499179157,974056496,1500,348947416,246510889, 672536309);
INSERT INTO funcionario VALUES(596188989,628826568,1000,348947416,246510889, 672536309);

-- pausas
INSERT INTO pausa VALUES (610417904,274739829,246510889,404483088,strftime('%H:%M', '10:30'), strftime('%H:%M', '10:50'),strftime('%H:%M', '13:15'), strftime('%H:%M', '14:15'),strftime('%H:%M', '17:00'), strftime('%H:%M', '17:20'));
INSERT INTO pausa VALUES (258220554,405279753,246510889,572949826,strftime('%H:%M', '10:10'), strftime('%H:%M', '10:30'),strftime('%H:%M', '12:30'), strftime('%H:%M', '13:30'),strftime('%H:%M', '16:15'), strftime('%H:%M', '16:30'));
INSERT INTO pausa VALUES (972632319,870890765,246510889,360000174,strftime('%H:%M', '11:00'), strftime('%H:%M', '11:15'),strftime('%H:%M', '13:45'), strftime('%H:%M', '14:45'),strftime('%H:%M', '17:50'), strftime('%H:%M', '18:10'));
INSERT INTO pausa VALUES (499179157,974056496,246510889,672536309,strftime('%H:%M', '09:45'), strftime('%H:%M', '10:05'),strftime('%H:%M', '12:00'), strftime('%H:%M', '13:00'),strftime('%H:%M', '15:45'), strftime('%H:%M', '16:15'));

-- clientes
INSERT INTO cliente VALUES(210152906, 804168374, 0);
INSERT INTO cliente VALUES(112789160, 275281926, 1);
INSERT INTO cliente VALUES(448987473, 207470234, 2);
INSERT INTO cliente VALUES(136306590, 959742821, 3);

-- caixas
INSERT INTO caixa VALUES(292889018, 1, 0);
INSERT INTO caixa VALUES(702102145, 2, 1);
INSERT INTO caixa VALUES(314874835, 3, 1);
INSERT INTO caixa VALUES(623031402, 4, 0);
INSERT INTO caixa VALUES(247958751, 5, 0);

-- caixas automaticas
INSERT INTO automatica VALUES(292889018);
INSERT INTO automatica VALUES(702102145);

-- caixas manuais
INSERT INTO manual VALUES(314874835, 610417904, 274739829);
INSERT INTO manual VALUES(623031402, 258220554, 405279753);
INSERT INTO manual VALUES(247958751, 972632319, 870890765);

-- secçoes

INSERT INTO seccao VALUES(131786185, "Laticinios", 499179157, 974056496, 348947416);
INSERT INTO seccao VALUES(103508880, "Proteína", 499179157, 974056496, 348947416);
INSERT INTO seccao VALUES(812637375, "Charcutaria", 499179157, 974056496, 348947416);
INSERT INTO seccao VALUES(251447700, "Papel Higiénico", 499179157, 974056496, 348947416);
INSERT INTO seccao VALUES(329010548, "Álcool", 499179157, 974056496, 348947416);
INSERT INTO seccao VALUES(589382998, "Roupa", 596188989, 628826568, 348947416);
INSERT INTO seccao VALUES(532218423, "Padaria", 596188989, 628826568, 348947416);
INSERT INTO seccao VALUES(185067429, "Fritos", 596188989, 628826568, 348947416);
INSERT INTO seccao VALUES(559224318, "Frutas", 596188989, 628826568, 348947416);
INSERT INTO seccao VALUES(646326494, "Congelados", 596188989, 628826568, 348947416);

-- compras

INSERT INTO compra VALUES(531978268, strftime('%Y-%m-%d', '2020-03-20'), strftime('%H:%M','09:30'), 210152906, 804168374, 292889018);
INSERT INTO compra VALUES(929586195, strftime('%Y-%m-%d', '2020-03-20'), strftime('%H:%M','17:00'), 112789160, 275281926, 702102145);
INSERT INTO compra VALUES(150315947, strftime('%Y-%m-%d', '2020-03-22'), strftime('%H:%M','10:40'), 112789160, 275281926, 292889018);
INSERT INTO compra VALUES(487008916, strftime('%Y-%m-%d', '2020-04-01'), strftime('%H:%M','12:15'), 448987473, 207470234, 314874835);
INSERT INTO compra VALUES(470833102, strftime('%Y-%m-%d', '2020-03-02'), strftime('%H:%M','13:28'), 136306590, 959742821, 314874835);
INSERT INTO compra VALUES(112149442, strftime('%Y-%m-%d', '2020-04-20'), strftime('%H:%M','08:54'), 136306590, 959742821, 247958751);

-- produtos

INSERT INTO produto VALUES(609423556, 'Alheira', 1.99, 100, 812637375);
INSERT INTO produto VALUES(594887697, 'Frango Enlatado', 1.67, 250, 103508880);
INSERT INTO produto VALUES(646430620, 'Ovos', 0.99, 500, 103508880);
INSERT INTO produto VALUES(194614821, 'Camisola Sponge Bob Criança', 9.99, 10, 589382998);
INSERT INTO produto VALUES(449266516, 'Papel Tripla Folha', 50.99, 5, 251447700);
INSERT INTO produto VALUES(270295948, 'Leite Meio Gordo', 4.99, 15, 131786185);

-- quantidades

INSERT INTO quantidade VALUES(594887697, 531978268, 6);
INSERT INTO quantidade VALUES(646430620, 531978268, 24);
INSERT INTO quantidade VALUES(194614821, 929586195, 1);
INSERT INTO quantidade VALUES(449266516, 150315947, 2);
INSERT INTO quantidade VALUES(609423556, 487008916, 1);
INSERT INTO quantidade VALUES(449266516, 470833102, 1);
INSERT INTO quantidade VALUES(270295948, 112149442, 4);

-- responsaveis

INSERT INTO responsavel VALUES(292889018, 610417904, 274739829);
INSERT INTO responsavel VALUES(702102145, 258220554, 405279753);
INSERT INTO responsavel VALUES(314874835, 610417904, 274739829);
INSERT INTO responsavel VALUES(623031402, 258220554, 405279753);
INSERT INTO responsavel VALUES(247958751, 972632319, 870890765);

-- trabalhos

INSERT INTO trabalha VALUES(972632319, 870890765, 131786185);
INSERT INTO trabalha VALUES(972632319, 870890765, 103508880);
INSERT INTO trabalha VALUES(972632319, 870890765, 329010548);
INSERT INTO trabalha VALUES(499179157, 974056496, 812637375);
INSERT INTO trabalha VALUES(499179157, 974056496, 251447700);
INSERT INTO trabalha VALUES(499179157, 974056496, 589382998);
INSERT INTO trabalha VALUES(596188989, 628826568, 532218423);
INSERT INTO trabalha VALUES(596188989, 628826568, 185067429);
INSERT INTO trabalha VALUES(596188989, 628826568, 559224318);
INSERT INTO trabalha VALUES(596188989, 628826568, 646326494);
